{
  "model": "CNN (1D-Conv)",
  "accuracy": 0.918918918918919,
  "precision_macro": 0.9196507833366045,
  "recall_macro": 0.9189396984924624,
  "f1_macro": 0.9188006791845161,
  "training_time_seconds": 178.7,
  "epochs_trained": 66,
  "per_genre": {
    "blues": {
      "precision": 0.9064039408866995,
      "recall": 0.92,
      "f1": 0.913151364764268
    },
    "classical": {
      "precision": 0.9466019417475728,
      "recall": 0.9798994974874372,
      "f1": 0.9629629629629629
    },
    "country": {
      "precision": 0.8364485981308412,
      "recall": 0.8994974874371859,
      "f1": 0.8668280871670703
    },
    "disco": {
      "precision": 0.9073170731707317,
      "recall": 0.93,
      "f1": 0.9185185185185185
    },
    "hiphop": {
      "precision": 0.9484536082474226,
      "recall": 0.92,
      "f1": 0.934010152284264
    },
    "jazz": {
      "precision": 0.9108910891089109,
      "recall": 0.92,
      "f1": 0.9154228855721394
    },
    "metal": {
      "precision": 0.9552238805970149,
      "recall": 0.96,
      "f1": 0.9576059850374065
    },
    "pop": {
      "precision": 0.953125,
      "recall": 0.915,
      "f1": 0.9336734693877551
    },
    "reggae": {
      "precision": 0.9158415841584159,
      "recall": 0.925,
      "f1": 0.9203980099502488
    },
    "rock": {
      "precision": 0.9162011173184358,
      "recall": 0.82,
      "f1": 0.8654353562005277
    }
  }
}