{
  "model": "CNN (1D-Conv)",
  "accuracy": 0.8753753753753754,
  "precision_macro": 0.8759806433902616,
  "recall_macro": 0.8754095477386935,
  "f1_macro": 0.875273117387786,
  "training_time_seconds": 157.0,
  "epochs_trained": 50,
  "best_val_accuracy": 0.8753753900527954,
  "per_genre": {
    "blues": {
      "precision": 0.8871794871794871,
      "recall": 0.865,
      "f1": 0.8759493670886076
    },
    "classical": {
      "precision": 0.9411764705882353,
      "recall": 0.964824120603015,
      "f1": 0.9528535980148883
    },
    "country": {
      "precision": 0.8333333333333334,
      "recall": 0.8542713567839196,
      "f1": 0.8436724565756824
    },
    "disco": {
      "precision": 0.8195121951219512,
      "recall": 0.84,
      "f1": 0.8296296296296296
    },
    "hiphop": {
      "precision": 0.8712871287128713,
      "recall": 0.88,
      "f1": 0.8756218905472637
    },
    "jazz": {
      "precision": 0.8598130841121495,
      "recall": 0.92,
      "f1": 0.8888888888888888
    },
    "metal": {
      "precision": 0.9207920792079208,
      "recall": 0.93,
      "f1": 0.9253731343283582
    },
    "pop": {
      "precision": 0.9222222222222223,
      "recall": 0.83,
      "f1": 0.8736842105263158
    },
    "reggae": {
      "precision": 0.8923076923076924,
      "recall": 0.87,
      "f1": 0.8810126582278481
    },
    "rock": {
      "precision": 0.8121827411167513,
      "recall": 0.8,
      "f1": 0.8060453400503779
    }
  }
}