{
  "CNN (1D-Conv)": {
    "accuracy": 0.8843843843843844,
    "precision_macro": 0.8866170333532363,
    "recall_macro": 0.8844020100502512,
    "f1_macro": 0.8849257487226818,
    "training_time": 130.4
  },
  "GMM Baseline": {
    "accuracy": 0.7142142142142142,
    "precision_macro": 0.7146762287432963,
    "recall_macro": 0.7142361809045226,
    "f1_macro": 0.7141168083168319,
    "training_time": 0.6
  },
  "Random Forest": {
    "accuracy": 0.8093093093093093,
    "precision_macro": 0.8097414420410068,
    "recall_macro": 0.8093140703517587,
    "f1_macro": 0.8078728203246474,
    "training_time": 1.9
  }
}