{
  "model": "GMM (Gaussian Mixture Model)",
  "accuracy": 0.7142142142142142,
  "precision_macro": 0.7146762287432963,
  "recall_macro": 0.7142361809045226,
  "f1_macro": 0.7141168083168319,
  "training_time_seconds": 0.8,
  "n_components": 16,
  "per_genre": {
    "blues": {
      "precision": 0.7272727272727273,
      "recall": 0.72,
      "f1": 0.7236180904522613
    },
    "classical": {
      "precision": 0.8564593301435407,
      "recall": 0.8994974874371859,
      "f1": 0.8774509803921569
    },
    "country": {
      "precision": 0.6162162162162163,
      "recall": 0.5728643216080402,
      "f1": 0.59375
    },
    "disco": {
      "precision": 0.6307692307692307,
      "recall": 0.615,
      "f1": 0.6227848101265823
    },
    "hiphop": {
      "precision": 0.7121951219512195,
      "recall": 0.73,
      "f1": 0.7209876543209877
    },
    "jazz": {
      "precision": 0.776595744680851,
      "recall": 0.73,
      "f1": 0.7525773195876289
    },
    "metal": {
      "precision": 0.8367346938775511,
      "recall": 0.82,
      "f1": 0.8282828282828283
    },
    "pop": {
      "precision": 0.7294685990338164,
      "recall": 0.755,
      "f1": 0.742014742014742
    },
    "reggae": {
      "precision": 0.7286432160804021,
      "recall": 0.725,
      "f1": 0.7268170426065163
    },
    "rock": {
      "precision": 0.5324074074074074,
      "recall": 0.575,
      "f1": 0.5528846153846154
    }
  }
}